ProductName,Power(W),Efficiency Rating
Chieftec Nitro Series 550W,550 W,
Be quiet! Straight Power 10 800W CM,800 W,80 Plus Gold
Cooler Master V-Series Semi-Modular 750W,750 W,80 Plus Gold
Gigabyte GreenMax 650W,650 W,80 Plus Bronze
Thermaltake Smart DPS G 700W,700 W,80 Plus Bronze
FSP Hydro X 450W,450 W,80 Plus
Cooler Master GX Series V2 650W,650 W,80 Plus Bronze
Cooler Master GM-Series G750M,750 W,80 Plus Bronze
Thermaltake Toughpower Cable Management 850W,850 W,80 Plus Bronze
Chieftec iArena GPB-400S,400 W,
Aerocool Strike-X Army 600W,600 W,
Thermaltake Toughpower XT 1375W,1375 W,
Antec VP450P Basiq 450W,450 W,80 Plus
Thermaltake Smart Series 450W,450 W,80 Plus Bronze
SilverStone Gemini GM500-G 500W,500 W,80 Plus Gold
Corsair TX850,850 W,80 Plus
Aerocool E78-730 730W,730 W,
Super Flower Golden Green HX 650W,650 W,80 Plus Gold
Zalman ZM600-GVM 600W,600 W,80 Plus Bronze
Seasonic SSP-450RT 450W,450 W,80 Plus Gold
Antec VPF Bronze 450W,450 W,80 Plus Bronze
Corsair CX430M,430 W,80 Plus Bronze
Corsair GS800 Bronze,800 W,80 Plus Bronze
Be quiet! Straight Power E9 600W,600 W,80 Plus Gold
Be quiet! Dark Power Pro 10 850W,850 W,80 Plus Platinum
Gigabyte Pulse 550W,550 W,80 Plus Bronze
Thermaltake Litepower 500W,500 W,80 Plus
SilverStone Strider 1500W,1500 W,80 Plus Gold
Zalman ZM460B-APS,460 W,
Be quiet! B8 300W,300 W,80 Plus
Zalman ZM700-TX 700W,700 W,80 Plus
Corsair VX450,450 W,80 Plus
FSP Fortron Source 600W,600 W,
Antec HCP Platinum 1000W,1000 W,80 Plus Platinum
Cooler Master Real Power Pro 550W,550 W,80 Plus
SilverStone Zeus 1200W,1200 W,
Cooler Master V-Series 750W,750 W,80 Plus Gold
Seasonic Platinum Series 660W v2,660 W,80 Plus Platinum
FSP FSP700-80PSA 700W,700 W,
Thermaltake Toughpower DPS G Platinum 1200W,1200 W,80 Plus Platinum
Fractal Design Edison M Series 650W,650 W,80 Plus Gold
FSP Fortron FSP350-70PFL 350W,350 W,
Be quiet! Pure Power 9 CM 600W,600 W,80 Plus Silver
Gigabyte Pluse 450W,450 W,80 Plus Bronze
FSP FSP350-60GHC*M*,350 W,
Chieftec GPF-250P 250W,250 W,80 Plus Bronze
Super Flower Amazon Bronze 450W,450 W,80 Plus Bronze
FSP Aurum CM 750W,750 W,80 Plus Gold
Seasonic M12II Evo Bronze 520W,520 W,80 Plus Bronze
Chieftec A-90 Series GDP-650C 650W,650 W,80 Plus Gold
Super Flower Leadex Gold 1300W,1300 W,80 Plus Gold
Xilence Performance A Series 430W,430 W,80 Plus
Chieftec Smart Series GPS-600A8 600W,600 W,80 Plus Bronze
Be quiet! Straight Power E9 CM 680W,680 W,80 Plus Gold
FSP FSP550-50ERN 550W,550 W,80 Plus Silver
Aerocool Strike-X 500W,500 W,80 Plus Bronze
Seasonic M12II Bronze 850W,850 W,80 Plus Bronze
Be quiet! System Power 300W,300 W,80 Plus
Seasonic G-Series 550W PCGH Edition,550 W,80 Plus Gold
SilverStone Nightjar ST50NF 500W,500 W,80 Plus Silver
Zalman ZM500-LX 500W,500 W,
Cooler Master Silent Pro Gold 800W,800 W,80 Plus Gold
Be quiet! Straight Power E6 700W,700 W,
Thermaltake TR2 430W,430 W,
Aerocool AP-650 650W,650 W,
Zalman ZM650-EBT 650W,650 W,80 Plus Gold
EVGA SuperNova P2 1600W,1600 W,80 Plus Platinum
Antec VP550F,550 W,80 Plus
Cooler Master Silent Pro Gold 1000W,1000 W,80 Plus Gold
Chieftec GPE-600S 600W,600 W,
Fractal Design Integra M 450W,450 W,80 Plus Bronze
Seasonic SSR-750TD,750 W,80 Plus Titanium
Antec Minuet MT-352 350W,350 W,80 Plus Bronze
Xilence Green Power 450W,450 W,80 Plus
Fractal Design Integra R2 750W,750 W,80 Plus Bronze
Super Flower Leadex Platinum 1200W White,1200 W,80 Plus Platinum
Thermaltake Toughpower Grand 750W,750 W,80 Plus Gold
Antec Earthwatts 500W Green,500 W,80 Plus Bronze
Corsair CX450M,450 W,80 Plus Bronze
Thermaltake Smart Series 430W,430 W,80 Plus
Be quiet! Efficient F1 350W,350 W,80 Plus Gold
Antec TruePower TP-750C 750W,750 W,80 Plus Gold
Be quiet! System Power 7 600W,600 W,80 Plus Silver
Corsair CS750M,750 W,80 Plus Gold
Super Flower Leadex Gold 1000W Black,1000 W,80 Plus Gold
Cooler Master V-Series 1000W,1000 W,80 Plus Gold
Gigabyte Hercules Pro 580W,580 W,
Seasonic SS-500ET 500W,500 W,80 Plus Bronze
FSP Aurum Gold 400W,400 W,80 Plus Gold
Cooler Master GM-Series G550M,550 W,80 Plus Bronze
Chieftec Nitro Series 350W,350 W,
Be quiet! Dark Power Pro 650W,650 W,
Aerocool Strike-X Army 800W,800 W,80 Plus Silver
Thermaltake Toughpower 750W,750 W,80 Plus Gold
Cooler Master Elite Power 400W,400 W,
Aerocool Xpredator 450M 450W,450 W,80 Plus Bronze
SilverStone Strider Essential Bronze 600W,600 W,80 Plus Bronze
Chieftec Nitro Series 1200W,1200 W,
Be quiet! Dark Power Pro P8 750W,750 W,80 Plus Silver
Thermaltake Smart Series 650W,650 W,80 Plus Bronze
Be quiet! Straight Power E9 400W,400 W,80 Plus Gold
Zalman ZM700-GV 700W,700 W,80 Plus Bronze
Antec VPF Bronze 650W,650 W,80 Plus Bronze
Aerocool E85-550 550W,550 W,
Thermaltake Toughpower Grand 1200W,1200 W,80 Plus Gold
EVGA SuperNova GQ 750W,750 W,80 Plus Gold
Thermaltake Toughpower DPS G Gold 550W,550 W,80 Plus Gold
Seasonic G-Series 450W,450 W,80 Plus Gold
Seasonic SS-500ES 500W,500 W,80 Plus Bronze
SilverStone Strider Gold S Series 750W,750 W,80 Plus Gold
Seasonic Platinum Series 1000W,1000 W,80 Plus Platinum
Corsair Vengeance V500,500 W,80 Plus Bronze
SilverStone Strider Modular 1500W,1500 W,80 Plus Silver
Be quiet! Pure Power L8 700W,700 W,80 Plus Bronze
Thermaltake TR2 450W,450 W,80 Plus Bronze
FSP FSP350-60APN,350 W,80 Plus Bronze
Be quiet! Straight Power E8 600W,600 W,
Thermaltake Evo Blue 650W Military Edition,650 W,80 Plus Gold
Corsair RM850,850 W,80 Plus Gold
Corsair HX650,650 W,80 Plus Bronze,80 Plus Gold
Antec NeoPower 650R-B,650 W,
Aerocool GT-700SG 700W,700 W,80 Plus Gold
Seasonic SS-500ET-F3 500W,500 W,80 Plus Bronze
Be quiet! B8 450W,450 W,80 Plus
Zalman ZM1250 Platinum 1250W,1250 W,80 Plus Platinum
Super Flower Amazon Bronze 300W,300 W,80 Plus Bronze
Fractal Design Tesla R2 800W,800 W,80 Plus Gold
Thermaltake Toughpower 1000W,1000 W,
Be quiet! Straight Power E8 CM 580W,580 W,80 Plus Silver
Corsair CX600 V2,600 W,80 Plus
Fractal Design Edison M Series 450W,450 W,80 Plus Gold
Antec EarthWatts Platinum 650W,650 W,80 Plus Platinum
Corsair CX600 V3,600 W,80 Plus Bronze
Seasonic Snow Silent 750,750 W,80 Plus Platinum
Seasonic SS-400L1U F0 400W,400 W,80 Plus Gold
Antec EarthWatts 380W,380 W,80 Plus
EVGA 650 GQ 650W,650 W,80 Plus Gold
Super Flower Leadex Titanium 1600W,1600 W,80 Plus Titanium
Antec VP600P,600 W,
Thermaltake TR2 S 350W,350 W,80 Plus
Thermaltake Toughpower Gold 550W,550 W,
Cooler Master Real Power Pro 1000W,1000 W,80 Plus
SilverStone Strider Essential 500W Black,500 W,
Xilence SPS-XP800 800W,800 W,80 Plus Bronze
Thermaltake Toughpower 1350W,1350 W,
Corsair AX1200,1200 W,80 Plus Gold
Super Flower Leadex Platinum 1600W,1600 W,80 Plus Platinum
Super Flower Leadex Gold 850W White,850 W,80 Plus Gold
Xilence OS Series 450W,450 W,80 Plus Bronze
Seasonic SSP-550RT 550W,550 W,80 Plus Gold
Gigabyte GreenMax 450W,450 W,80 Plus Bronze
SilverStone Strider Plus 850W,850 W,80 Plus Silver
Cooler Master V-Series Semi-Modular 550W,550 W,80 Plus Gold
Gigabyte Superb 570W,570 W,80 Plus
Cooler Master Silent Pro M2 420W,420 W,80 Plus Bronze
SilverStone Gemini GM600-G 600W,600 W,80 Plus Gold
Seasonic S12II 430W,430 W,80 Plus Bronze
Zalman ZM1000-HP Plus,1000 W,80 Plus Silver
Zalman ZM600-GT 600W,600 W,80 Plus Bronze
Be quiet! Straight Power E6 350W,350 W,
Antec CP-850 850W,850 W,80 Plus
Xilence RedWing Series 350W,350 W,
Cooler Master GX Lite 500W,500 W,
Corsair RM850 V2,850 W,80 Plus Gold
SilverStone Nightjar 400W,400 W,80 Plus Bronze
Corsair AX760,760 W,80 Plus Platinum
Chieftec iArena 400W 80+,400 W,80 Plus
Cooler Master Silent Pro Hybrid 1300W,1300 W,80 Plus Gold
FSP SPI-250G 250W,250 W,
Gigabyte Superb 460W,460 W,
Aerocool AP-550 550W,550 W,
EVGA SuperNova P2 850W,850 W,80 Plus Platinum
Be quiet! Pure Power 9 L9-600W,600 W,80 Plus Silver
SilverStone Strider Plus 500W,500 W,80 Plus Bronze
Cooler Master B700 V2 700W,700 W,80 Plus Bronze
Cooler Master B600 V2 600W,600 W,80 Plus
Chieftec GPM-450S,450 W,80 Plus Gold
SilverStone SST-ZM1350 1350W,1350 W,80 Plus Silver
Be quiet! Dark Power Pro 11 850W,850 W,80 Plus Platinum
Be quiet! Dark Power Pro P9 750W,750 W,80 Plus Gold
Fractal Design Newton R3 800W,800 W,80 Plus Platinum
Antec Edge 750W,750 W,80 Plus Gold
Be quiet! Pure Power L7 350W,350 W,80 Plus
FSP Source 600W,600 W,80 Plus Silver
Antec HCG-750M High Current Gamer 750W,750 W,80 Plus Bronze
Cooler Master Extreme Power 380W,380 W,
Corsair AX1200i,1200 W,80 Plus Platinum
FSP Aurum Gold 600W,600 W,80 Plus Gold
Cooler Master V-Series 550W,550 W,80 Plus Gold
Zalman ZM700-GT 700W,700 W,80 Plus Bronze
Be quiet! Straight Power E9 CM 480W,480 W,80 Plus Gold
Thermaltake TR2 470W,470 W,
Corsair RM650,650 W,80 Plus Gold
Thermaltake TR2 Gold 600W,600 W,80 Plus Gold
Cooler Master GX Lite 700W,700 W,
SilverStone Strider Gold 550W,550 W,80 Plus Gold
SilverStone ST70F-PB 700W,700 W,80 Plus Bronze
FSP Aurum Pro 1000W,1000 W,80 Plus Gold
Zalman ZM750-HP Plus 750W,750 W,
Seasonic X-Series 560W,560 W,80 Plus Gold
Xilence Performance A Series 630W,630 W,80 Plus
EVGA SuperNova P2 650W,650 W,80 Plus Platinum
EVGA SuperNova G2 1000W,1000 W,80 Plus Gold
Seasonic G-Series 650W,650 W,80 Plus Gold
Cooler Master Silent Pro M600,600 W,80 Plus Bronze
Be quiet! Pure Power 9 L9-400W,400 W,80 Plus Silver
SilverStone Strider Essential 700W,700 W,80 Plus Silver
FSP Hyper M 600W,600 W,
Thermaltake Toughpower Cable Management 650W,650 W,80 Plus
Be quiet! Dark Power Pro 450W,450 W,
FSP ATX-350PNF 350W,350 W,
FSP Hydro G 750W,750 W,80 Plus Gold
Xilence Single Fan 450W,450 W,
Aerocool E85M-700 700W,700 W,
Fractal Design Newton R3 600W,600 W,80 Plus Platinum
Aerocool Xpredator 750GM 750W,750 W,80 Plus Gold
Antec True Power 550W,550 W,
Antec HCG-900 High Current Gamer 900W,900 W,80 Plus Bronze
Chieftec APS-750CB 750W,750 W,80 Plus Bronze
Seasonic M12II Evo Bronze 850W,850 W,80 Plus Bronze
Antec VP400PC 400W,400 W,
Chieftec A-90 Series 750W,750 W,80 Plus Gold
Gigabyte GB-G750H 700W,700 W,80 Plus Gold
Be quiet! Pure Power L8 500W,500 W,80 Plus Bronze
Fractal Design Integra M 650W,650 W,80 Plus Bronze
Cooler Master Silent Pro Gold 450W,450 W,80 Plus Gold
Chieftec A-80 Power Supply 450W,450 W,
Chieftec GPM-750S 750W,750 W,80 Plus Gold
FSP FSP350-60EPN 350W,350 W,80 Plus Bronze
EVGA SuperNova G1 650W,650 W,80 Plus Gold
FSP FSP400-60GHN 400W,400 W,80 Plus
Antec BasiqPower 350W,350 W,
Chieftec GPS-500A8,500 W,80 Plus
Seasonic S12II 520W,520 W,80 Plus Bronze
Corsair VS350 V2,350 W,80 Plus
Corsair HX850,850 W,80 Plus Silver,80 Plus Gold
Chieftec A135 500W,500 W,80 Plus
Corsair CS550M,550 W,80 Plus Gold
Chieftec CPS-500S,500 W,80 Plus Bronze
Super Flower Leadex Gold 550W White,550 W,80 Plus Gold
Cooler Master V1200 Platinum,1200 W,80 Plus Platinum
Be quiet! System Power 700W,700 W,80 Plus
Antec HCP Platinum 850W,850 W,80 Plus Platinum
Aerocool Xpredator 600W,600 W,80 Plus Bronze
EVGA SuperNova G1 1000W,1000 W,80 Plus Gold
Aerocool Xpredator 1000GM 1000W,1000 W,80 Plus Gold
Corsair RM450,450 W,80 Plus Gold
Chieftec APS-850CB 850W,850 W,80 Plus Bronze
Cooler Master GX Series 650W,650 W,80 Plus Bronze
Be quiet! Power Zone 750W,750 W,80 Plus Bronze
Be quiet! Straight Power E9 450W,450 W,80 Plus Gold
Corsair VS450,450 W,
FSP Aurum Pro 1200W,1200 W,80 Plus Gold
Thermaltake Toughpower XT 875W,875 W,
FSP FSP700-50ARN 700W,700 W,
Corsair Vengeance V650M,650 W,80 Plus Bronze
SilverStone ST60F-PB 600W,600 W,80 Plus Bronze
Aerocool E80-500 500W,500 W,
FSP Fortron Aurum Gold S 500W,500 W,80 Plus Gold
Xilence SQ Series 450W,450 W,80 Plus Platinum
SilverStone Strider Essential 230V 700W,700 W,80 Plus Silver
Corsair TX650M,650 W,80 Plus Bronze
Seasonic S12G 750W,750 W,80 Plus Gold
Thermaltake Smart SE 530W,530 W,80 Plus Bronze
Be quiet! Efficient F1 600W,600 W,80 Plus Gold
Be quiet! System Power 8 400W,400 W,80 Plus
FSP Raider 650W,650 W,80 Plus Bronze
SilverStone Strider Platinum 650W,650 W,80 Plus Platinum
Antec HCP-750 High Current Pro 750W,750 W,80 Plus Gold
Thermaltake TR2 RX 550W,550 W,
Be quiet! Dark Power Pro 11 650W,650 W,80 Plus Platinum
Chieftec Navitas 750W,750 W,80 Plus Gold
FSP FSP500-60APN 500W,500 W,80 Plus Bronze
Be quiet! Pure Power L7 430W,430 W,80 Plus
Thermaltake Toughpower QFan 850W,850 W,
Xilence Performance A+ 730W,730 W,80 Plus Bronze
FSP FSP500-60EPN 500W,500 W,80 Plus Bronze
Gigabyte Greenmax Plus 650W,650 W,80 Plus Bronze
Thermaltake TR2 Qfan 450W,450 W,
Antec CP-1000 1000W,1000 W,80 Plus
Thermaltake Toughpower DPS G Platinum 1050W,1050 W,80 Plus Platinum
EVGA SuperNova Classified 1500W,1500 W,80 Plus Gold
Corsair CS450M,450 W,80 Plus Gold
Seasonic X-Series 750W V2,750 W,80 Plus Gold
Antec EarthWatts 430W Green,430 W,80 Plus Bronze
Seasonic SS-300M1U 300W,300 W,80 Plus Gold
Antec EA-650 Green,650 W,80 Plus Bronze
Seasonic X-Series 1050W,1050 W,80 Plus Gold
Corsair TX750 V2,750 W,80 Plus Bronze
Cooler Master Silent Pro M2 1500W,1500 W,
Seasonic S12II 350W,350 W,80 Plus Bronze
Thermaltake Toughpower QFan 500W,500 W,
Cooler Master B-Series 700W,700 W,80 Plus Bronze
Gigabyte Hercules Pro 530W,530 W,
Gigabyte Odin 470W,470 W,
Aerocool AP-450 450W,450 W,
Cooler Master G-Series 700W,700 W,80 Plus Bronze
Antec TruePower 550W,550 W,80 Plus Bronze
Seasonic SS-350ES 350W,350 W,80 Plus Bronze
Be quiet! Dark Power Pro 10 1200W,1200 W,80 Plus Gold
Antec HCG-750 High Current Gamer 750W,750 W,80 Plus Bronze
SilverStone Evolution 2.0 1000W,1000 W,80 Plus Gold
Seasonic SS-400ET 400W,400 W,80 Plus Bronze
Thermaltake Toughpower Grand Platinum 1200W,1200 W,80 Plus Platinum
Cooler Master Silent Pro M2 620W,620 W,80 Plus Bronze
EVGA SuperNova G2 750W,750 W,80 Plus Gold
Be quiet! System Power 8 600W,600 W,80 Plus
Antec VP700P,700 W,
Be quiet! Straight Power E6 550W,550 W,
Be quiet! Pure Power L8 300W,300 W,80 Plus Bronze
FSP Aurum S 700W,700 W,80 Plus Gold
FSP FSP350-70PFL,350 W,80 Plus Bronze
EVGA SuperNova G2 1300W,1300 W,80 Plus Gold
Super Flower Leadex Gold 650W White,650 W,80 Plus Gold
Chieftec Super 750W,750 W,
SilverStone ST50F-ESB 500W,500 W,80 Plus Bronze
Antec HCG-520M High Current Gamer 520W,520 W,80 Plus Bronze
Thermaltake Litepower 450W,450 W,80 Plus Bronze
Antec Edge 650W,650 W,80 Plus Gold
Super Flower Golden Green Pro 550W,550 W,80 Plus Gold
Xilence XQ Series 850W,850 W,80 Plus Platinum
Chieftec Nitro Series 950W,950 W,
Xilence Performance A+ 530W,530 W,80 Plus Bronze
Be quiet! Pure Power L7 300W,300 W,80 Plus
FSP FSP400-60APN 400W,400 W,80 Plus Bronze
Antec TruePower Classic 450W,450 W,80 Plus Gold
Corsair GS500,500 W,
Be quiet! System Power 7 450W,450 W,80 Plus Silver
Antec TruePower Quattro OC 1200W,1200 W,
Chieftec iArena GPA-500B8 500W,500 W,
Seasonic Platinum Series 760W,760 W,
Thermaltake Toughpower Grand Platinum 850W,850 W,80 Plus Platinum
Seasonic SS-600ES 600W,600 W,80 Plus Bronze
Chieftec Smart Series 500W,500 W,80 Plus Platinum
Seasonic Eco Series 430W,430 W,80 Plus Bronze
EVGA SuperNova GS 650W,650 W,80 Plus Gold
Thermaltake Smart DPS G 650W,650 W,80 Plus Gold
Antec TruePower 750W,750 W,80 Plus Bronze
Be quiet! Straight Power E8 CM 680W,680 W,80 Plus Silver
Thermaltake TR2 700W,700 W,
Antec EarthWatts Platinum 550W,550 W,80 Plus Platinum
Antec Neo Eco 520C 520W,520 W,80 Plus Bronze
Cooler Master MasterWatt Maker 1200W,1200 W,80 Plus Titanium
Chieftec APS-650SB 650W,650 W,80 Plus Bronze
SilverStone Evolution 2.0 850W,850 W,80 Plus Gold
Cooler Master GX Series 450W,450 W,80 Plus
Corsair RM1000,1000 W,80 Plus Gold
Be quiet! Dark Power Pro P8 900W,900 W,80 Plus Silver
Be quiet! Dark Power Pro P9 650W,650 W,80 Plus Gold
EVGA SuperNova B 750W,750 W,80 Plus Bronze
Antec Neo Eco 450C 450W,450 W,80 Plus Bronze
FSP Source 700W,700 W,80 Plus Silver
Be quiet! Straight Power 10 400W,400 W,80 Plus Gold
Antec Neo Eco 620C 620W,620 W,80 Plus Bronze
Zalman ZM600-GV 600W,600 W,
Xilence SQ Series 650W,650 W,80 Plus Platinum
Xilence CS 1000W,1000 W,80 Plus Bronze
Fractal Design Tesla R2 1000W,1000 W,80 Plus Gold
Xilence PSU 480W,480 W,
SilverStone Strider Plus 1000W,1000 W,80 Plus Silver
Zalman ZM850-HP Plus,850 W,
Chieftec iArena GPA-400B8 400W,400 W,
Thermaltake TR2 S 600W,600 W,80 Plus
Thermaltake Evo Blue 2.0 750W,750 W,80 Plus Gold
Be quiet! Efficient F1 400W,400 W,80 Plus Gold
SilverStone SST-ST1200-PT 1200W,1200 W,
Thermaltake Toughpower Grand 1050W,1050 W,80 Plus Gold
Zalman Goldrock Series 650W,650 W,80 Plus Gold
Corsair CX500M,500 W,80 Plus Bronze
Antec HCP-1200 High Current Pro 1200W,1200 W,80 Plus Gold
Be quiet! Straight Power E8 450W,450 W,
Be quiet! Pure Power L7 630W,630 W,80 Plus Bronze
Corsair RM850x,850 W,80 Plus Gold
Super Flower Leadex Gold 1600W,1600 W,80 Plus Gold
Seasonic X-Series 1250W,1250 W,80 Plus Gold
Corsair AX860i,860 W,80 Plus Platinum
Aerocool GT-1050S 1050W,1050 W,80 Plus Bronze
Corsair TX850 V2,850 W,80 Plus Bronze
Be quiet! System Power 450W,450 W,80 Plus
Chieftec Nitro II 85+ 400W,400 W,80 Plus Bronze
Chieftec iArena GPB-350S 350W,350 W,80 Plus
Be quiet! Pure Power 9 L9-350W,350 W,80 Plus Bronze
Seasonic SS650HT 650W,650 W,80 Plus Bronze
FSP Aurum Xilenser 400W,400 W,80 Plus Gold
Seasonic Prime 650 W 80+ Titanium,650 W,80 Plus Titanium
Antec Earthwatts 650W Green,650 W,80 Plus Bronze
Antec HCG-620 High Current Gamer 620W,620 W,80 Plus Bronze
Corsair CX850M,850 W,80 Plus Bronze
EVGA SuperNova T2 850 Black,850 W,80 Plus Titanium
Antec BP500U Basiq 500W,500 W,
Be quiet! Straight Power E6 600W,600 W,
Cooler Master G-Series 500W,500 W,80 Plus Bronze
Chieftec Navitas 1000W,1000 W,80 Plus Gold
Cooler Master GM-Series G450M,450 W,80 Plus Bronze
Corsair GS700,700 W,80 Plus
FSP Hyper 600W,600 W,80 Plus
Chieftec A-80 Power Supply 500W,500 W,
Chieftec A-80 650W,650 W,
Thermaltake Toughpower DPS G RGB 650W Black/Gold,650 W,80 Plus Gold
Seasonic M12II Bronze 650W,650 W,80 Plus Bronze
Seasonic SS-400H2U,400 W,80 Plus
Chieftec Nitro Series 400W,400 W,
Corsair RM850i,850 W,80 Plus Gold
Chieftec CPS-650S 650W,650 W,80 Plus Bronze
Be quiet! System Power 7 500W,500 W,80 Plus Silver
Aerocool Xpredator 400W,400 W,80 Plus Bronze
SilverStone Strider 500W,500 W,80 Plus
Thermaltake Smart DPS G 500W,500 W,80 Plus Bronze
FSP FSP400-EPN85 400W,400 W,80 Plus Bronze
Thermaltake Evo Blue 650W,650 W,
Cooler Master Silent Pro Gold 1200W,1200 W,80 Plus Gold
Thermaltake Toughpower DPS G Gold 1050W,1050 W,80 Plus Gold
Fractal Design Newton R3 1000W White,1000 W,80 Plus Platinum
Thermaltake Smart Series 630W,630 W,80 Plus
EVGA Bronze 500W,500 W,80 Plus Bronze
Fractal Design Edison M 550W,550 W,80 Plus Gold
Thermaltake Toughpower DPS G Gold 750W,750 W,80 Plus Gold
Be quiet! Dark Power Pro 10 650W,650 W,80 Plus Gold
Thermaltake TR2 500W,500 W,80 Plus Bronze
Super Flower Leadex Gold 750W Black,750 W,80 Plus Gold
Antec TruePower Classic 650W,650 W,80 Plus Gold
Seasonic Platinum Series Fanless 400W,400 W,80 Plus Platinum
Thermaltake Toughpower XT 675W,675 W,
Xilence Single Fan 400W,400 W,
Zalman ZM360B-APS 360W,360 W,80 Plus
Corsair TX850M,850 W,80 Plus Bronze
Fractal Design Newton R3 1000W,1000 W,80 Plus Platinum
SilverStone Strider Essential Gold 600W,600 W,80 Plus Gold
Aerocool E80-700 700W,700 W,
Aerocool Xpredator 550M 550W,550 W,80 Plus Bronze
FSP Hexa 400W,400 W,80 Plus Gold
Xilence Performance C 500W,500 W,
Antec TruePower Gold 650W,650 W,80 Plus Gold
SilverStone ST40F-ES 400W,400 W,80 Plus
Be quiet! System Power 7 300W,300 W,80 Plus Bronze
Chieftec GPC-400S 400W,400 W,
Aerocool Xpredator 650GM 650W,650 W,80 Plus Gold
Aerocool E85M-550 550W,550 W,
FSP FSP350-60GHN,350 W,80 Plus Bronze
FSP Aurum PT 850W,850 W,80 Plus Platinum
Chieftec GPE-400S,400 W,
Seasonic Platinum Series 1200W,1200 W,80 Plus Platinum
Cooler Master B2 400W,400 W,80 Plus Bronze
Thermaltake Toughpower 1000W SLI,1000 W,80 Plus Bronze
Corsair CX750,750 W,80 Plus Bronze
Be quiet! Straight Power 10 600W,600 W,80 Plus Gold
Thermaltake Litepower Black Edition 450W,450 W,
Thermaltake Toughpower Cable Management 1200W,1200 W,80 Plus Bronze
FSP Aurum Pro 850W,850 W,80 Plus Gold
SilverStone Strider 700W,700 W,80 Plus Silver
SilverStone Strider Titanium 700W,700 W,80 Plus Titanium
Aerocool Xpredator 650M 650W,650 W,80 Plus Bronze
Thermaltake Smart Series 850W,850 W,80 Plus Bronze
EVGA 500B 500W,500 W,80 Plus Bronze
Fractal Design Edison M 750W,750 W,80 Plus Gold
Chieftec GPC-500S 500W,500 W,
Corsair CX430 V2,430 W,80 Plus Bronze
Seasonic SS-1050XP3 Snow Edition 1050W,1050 W,80 Plus Platinum
Corsair CX430 V3,430 W,80 Plus Bronze
Seasonic X-Series 650W V2,650 W,80 Plus Gold
Seasonic X-Series Fanless 460W,460 W,80 Plus Platinum
Zalman ZM500-ST 500W,500 W,80 Plus
Corsair CX500,500 W,
Corsair VS450 V2,450 W,80 Plus
Aerocool Strike-X CM 500W,500 W,80 Plus Bronze
SilverStone Evolution 2.0 1200W,1200 W,80 Plus Gold
Corsair HX750i,750 W,80 Plus Platinum
EVGA SuperNova B2 750W,750 W,80 Plus Bronze
Antec VPF Bronze 350W,350 W,80 Plus Bronze
Thermaltake Toughpower 750W SLI,750 W,
EVGA SuperNova G2 550W,550 W,80 Plus Gold
Corsair RM650x,650 W,80 Plus Gold
Antec EarthWatts 750W Green,750 W,80 Plus Bronze
Cooler Master Elite Series 400W,400 W,
FSP Hyper Series 600W,600 W,80 Plus Bronze
Corsair CX650M,650 W,80 Plus Bronze
Chieftec APS-400SB 400W,400 W,80 Plus Bronze
Antec VP350P Basiq 350W,350 W,80 Plus
Corsair GS600 V2,600 W,
Thermaltake Toughpower 600W,600 W,80 Plus Bronze
Be quiet! Straight Power E6 400W,400 W,
Antec HCP Platinum 1000W v2,1000 W,80 Plus Platinum
Seasonic S12G 550W,550 W,80 Plus Gold
Thermaltake Smart SE 730W,730 W,80 Plus Bronze
Super Flower Golden Green HX 350W,350 W,80 Plus Gold
Corsair RM650i,650 W,80 Plus Gold
Thermaltake Toughpower XT 1275W,1275 W,
Super Flower Leadex Gold 1000W White,1000 W,80 Plus Gold
Chieftec APS-550SB 550W,550 W,80 Plus Bronze
FSP FSP650-80EGN,650 W,80 Plus Gold
Seasonic Prime 850W 80+ Titanium,850 W,80 Plus Titanium
Xilence Performance C 700W,700 W,
Xilence Performance A Series 530W,530 W,80 Plus
Be quiet! Pure Power L8 730W CM,730 W,80 Plus Bronze
SilverStone ST50F-ES230 500W,500 W,80 Plus Silver
Seasonic G-Series 550W,550 W,80 Plus Gold
FSP Hydro G 850W,850 W,80 Plus Gold
SilverStone Strider Gold S Series 850W,850 W,80 Plus Gold
SilverStone ST50F-PB 500W,500 W,80 Plus Bronze
FSP Aurum Gold 500W,500 W,80 Plus Gold
Cooler Master V-Series 650W,650 W,80 Plus Gold
Seasonic S12II 520W V2,520 W,80 Plus Bronze
Cooler Master Elite Power 500W,500 W,
FSP FSP400-70MP 400W,400 W,
Xilence Green Power 550W,550 W,80 Plus
FSP Source FSP300-60HCN,300 W,
Be quiet! Pure Power 9 CM 700W,700 W,80 Plus Silver
Seasonic SS-400ES,400 W,80 Plus Bronze
SilverStone Strider Gold 1200W,1200 W,80 Plus Gold
Zalman ZM850-GVM 850W,850 W,80 Plus
Corsair CX550M,550 W,80 Plus Bronze
EVGA SuperNova GQ 850W,850 W,80 Plus Gold
Cooler Master Silent Pro M2 1000W,1000 W,80 Plus Silver
Seasonic S12II 620W,620 W,80 Plus Bronze
Super Flower Golden Silent Fanless Platinum 500W,500 W,80 Plus Platinum
Corsair HX850i,850 W,80 Plus Platinum
Xilence Single Fan 550W,550 W,80 Plus
FSP Source FSP300-60HHN 300W,300 W,
Cooler Master GX Series V2 750W,750 W,80 Plus Bronze
Seasonic M12II Evo Bronze 750W,750 W,80 Plus Bronze
Aerocool E78-430 430W,430 W,
Cooler Master GM-Series G650M,650 W,80 Plus Bronze
Chieftec Nitro Series 450W,450 W,80 Plus Bronze
Aerocool V12XT-800 800W,800 W,
Fractal Design Integra M 550W,550 W,80 Plus Bronze
Xilence Redwing Series 420W,420 W,
Thermaltake Toughpower DPS G RGB 850W Black/Gold,850 W,80 Plus Gold
Thermaltake Toughpower Grand 650W,650 W,80 Plus Gold
Seasonic M12II Bronze 620W,620 W,80 Plus Bronze
Cooler Master B500 V2 500W,500 W,80 Plus Bronze
Xilence OS Series 400W,400 W,80 Plus Bronze
Thermaltake Toughpower DPS G Gold 450W,450 W,80 Plus Gold
Aerocool GT-700S 700W,700 W,80 Plus Bronze
Super Flower Golden Green HX 750W,750 W,80 Plus Gold
Thermaltake Toughpower DPS G Gold 650W,650 W,80 Plus Gold
SilverStone ST40F-ESB 400W,400 W,80 Plus Bronze
Antec HCG-620M High Current Gamer 620W,620 W,80 Plus Bronze
EVGA SuperNova GQ 650W,650 W,80 Plus Gold
Super Flower Amazon Bronze 550W,550 W,80 Plus Bronze
Zalman ZM500-HP Plus 500W,500 W,80 Plus Bronze
Be quiet! Dark Power Pro 11 1200W,1200 W,80 Plus Platinum
Chieftec A-80 Power Supply 400W,400 W,
FSP FSP600-80PSA 600W,600 W,
Thermaltake Toughpower Grand Platinum 1050W,1050 W,80 Plus Platinum
Corsair AX1500i,1500 W,80 Plus Titanium
Cooler Master GX Series V2 550W,550 W,80 Plus Bronze
Zalman ZM1000-GVM 1000W,1000 W,80 Plus
Antec VP-450P Power Supply,450 W,
Thermaltake Toughpower 650W,650 W,80 Plus Gold
EVGA SuperNova T2 1000W Black,1000 W,80 Plus Titanium
EVGA 600W,600 W,80 Plus
FSP Aurum PT 1200W,1200 W,80 Plus Platinum
Be quiet! Dark Power Pro P8 650W,650 W,
Xilence RedWing Gaming Edition 700W,700 W,80 Plus Bronze
Be quiet! B8 550W,550 W,80 Plus
Corsair Vengeance V400,400 W,80 Plus Bronze
FSP FSP460-60HCN 460W,460 W,
Aerocool V12XT-1000 1000W,1000 W,
Thermaltake Smart Series 550W,550 W,80 Plus Bronze
Antec VPF Bronze 550W,550 W,80 Plus Bronze
Be quiet! Straight Power E9 500W,500 W,80 Plus Gold
Super Flower Golden Green HX 550W,550 W,80 Plus Gold
Thermaltake Toughpower XT 1475W,1475 W,
SilverStone Strider Plus 600W,600 W,80 Plus Bronze
Be quiet! Dark Power Pro P8 1200W,1200 W,80 Plus Silver
FSP Aurum CM 650W,650 W,80 Plus Gold
FSP FSP350-60APN 350W,350 W,80 Plus Bronze
Gigabyte Pulse 650W,650 W,80 Plus Bronze
Super Flower Leadex Gold 850W Black,850 W,80 Plus Gold
Be quiet! Pure Power 9 L9-700W,700 W,80 Plus Silver
Corsair CS850M,850 W,80 Plus Gold
Thermaltake TR2 S 450W,450 W,80 Plus
EVGA SuperNova G2L 750W,750 W,80 Plus Gold
Antec VP550P Basiq 550W,550 W,
Gigabyte Hercules Pro 480W,480 W,
Zalman ZM600-HP Plus 600W,600 W,80 Plus Bronze
Be quiet! Straight Power 10 600W CM,600 W,80 Plus Gold
FSP FSP350-60HHN 350W,350 W,80 Plus Bronze
Gigabyte GreenMax 550W,550 W,80 Plus Bronze
FSP Hydro X 550W,550 W,80 Plus Gold
Cooler Master V-Series Semi-Modular 650W,650 W,80 Plus Gold
Cooler Master V-Series 850W,850 W,80 Plus Gold
Thermaltake European Gold Series Paris 650W,650 W,80 Plus Gold
Be quiet! Pure Power 9 CM 500W,500 W,80 Plus Silver
Super Flower Leadex Platinum 850W Black,850 W,80 Plus Platinum
Fractal Design Integra R2 650W,650 W,80 Plus Bronze
Be quiet! System Power 7 700W,700 W,80 Plus Silver
Fractal Design Edison M Series 550W,550 W,80 Plus Gold
Be quiet! Dark Power Pro P8 1000W,1000 W,80 Plus Silver
Corsair CS650M,650 W,80 Plus Gold
Corsair HX1200i,1200 W,80 Plus Platinum
Be quiet! Pure Power 9 L9-500W,500 W,80 Plus Silver
SilverStone Strider Essential 600W,600 W,80 Plus,80 Plus
FSP Hyper M 500W,500 W,
Zalman ZM500-GT 500W,500 W,80 Plus
Be quiet! Dark Power Pro P9 850W,850 W,80 Plus Gold
EVGA SuperNova G 650W,650 W,80 Plus Gold
Xilence Single Fan 350W,350 W,
Cooler Master V-Series Semi-Modular 450W,450 W,80 Plus Gold
Super Flower Leadex Platinum 1000W Black,1000 W,80 Plus Platinum
Chieftec MRG-5800V 2x800W,800 W,80 Plus
Be quiet! Dark Power Pro 550W,550 W,
Cooler Master B-Series 500W,500 W,80 Plus Bronze
Be quiet! Straight Power E6 450W,450 W,
Antec HCP-850 High Current Pro 850W,850 W,80 Plus Gold
Xilence Redwing Series 600W,600 W,80 Plus Bronze
Cooler Master Silent Pro Gold 550W,550 W,80 Plus Gold
Seasonic SSP-350ST 350W,350 W,80 Plus Bronze
Be quiet! Dark Power Pro 1200W,1200 W,
Thermaltake TR2 Gold 700W,700 W,80 Plus Gold
Chieftec A-80 Power Supply 350W,350 W,
Antec BasiqPower 430W,430 W,
EVGA SuperNova B1 750W,750 W,80 Plus Bronze
Super Flower Golden Green Pro 650W,650 W,80 Plus Gold
Antec EarthWatts EA430 Green 430W,430 W,80 Plus Bronze
FSP Hexa+ 400W,400 W,80 Plus
Thermaltake Evo Blue 850W Military Edition,850 W,80 Plus Gold
Aerocool E78-530 530W,530 W,
Antec HCG-400 High Current Gamer 400W,400 W,80 Plus Bronze
Be quiet! System Power 7 350W,350 W,80 Plus Bronze
Chieftec PSF-400B,400 W,80 Plus Bronze
Cooler Master Elite Series 460W,460 W,
Corsair RM750,750 W,80 Plus Gold
Xilence Performance A Series 730W,730 W,80 Plus
Chieftec iArena GPB-450S,450 W,
Seasonic Platinum Series 660W,660 W,80 Plus Platinum
Corsair GS700 Bronze,700 W,80 Plus Bronze
FSP Source FSP500 500W,500 W,80 Plus Bronze
Aerocool GT-500 500W,500 W,80 Plus Bronze
Antec HCG-520 High Current Gamer 520W,520 W,80 Plus Bronze
EVGA SuperNova GQ 1000W,1000 W,80 Plus Gold
FSP Aurum PT 1000W,1000 W,80 Plus Platinum
Chieftec CPS-400S 400W,400 W,80 Plus Bronze
Antec Earthwatts 380W Green,380 W,80 Plus Bronze
Be quiet! Straight Power E8 CM 480W,480 W,80 Plus Silver
EVGA SuperNova G1 750W,750 W,80 Plus Gold
Thermaltake Toughpower 750W Crossfire,750 W,
Seasonic S12II 620W V2,620 W,80 Plus Bronze
EVGA 850 GQ 850W,850 W,80 Plus Gold
FSP Raider 550W,550 W,80 Plus Silver
SilverStone Strider Platinum 550W,550 W,80 Plus Platinum
Thermaltake Purepower RX 550W,550 W,
Super Flower Leadex Platinum 1200W Black,1200 W,80 Plus Platinum
Super Flower Leadex Gold 650W Black,650 W,80 Plus Gold
SilverStone Nightjar SST-NJ520 520W,520 W,80 Plus Platinum
Chieftec APS-500SB 500W,500 W,80 Plus Bronze
Be quiet! Dark Power Pro 11 750W,750 W,80 Plus Platinum
Chieftec iArena GPB-500S 500W,500 W,
Chieftec PSF-400A 400W,400 W,
Antec HCP Platinum 750W,750 W,80 Plus Platinum
Gigabyte GP-B700H 700W,700 W,80 Plus Bronze
Antec VP650PM,650 W,80 Plus Bronze
Gigabyte Superb 470W,470 W,
Be quiet! Straight Power E8 700W,700 W,80 Plus Silver
Fractal Design Integra M 750W,750 W,80 Plus Bronze
Be quiet! Pure Power L8 600W,600 W,80 Plus Bronze
Aerocool Strike-X Army 1100W,1100 W,80 Plus Gold
Seasonic Snow Silent 750W,750 W,80 Plus Platinum
Chieftec GPC-450S,450 W,
FSP Fortron 550W,550 W,80 Plus Gold
EVGA SuperNova T2 1600W,1600 W,80 Plus Titanium
Be quiet! Dark Power Pro 10 1000W,1000 W,80 Plus Gold
Zalman ZM500-TX 500W,500 W,80 Plus
Zalman ZM600-TX 600W,600 W,80 Plus
Corsair HX1000i,1000 W,80 Plus Platinum
Xilence OS Series 350W,350 W,80 Plus Bronze
Thermaltake Toughpower Grand Gold 850W,850 W,80 Plus Gold
Seasonic M12II Evo Bronze 620W,620 W,80 Plus Bronze
EVGA SuperNova P2 750W,750 W,80 Plus Platinum
Corsair GS700 V2,700 W,
Thermaltake European Gold Series London 550W,550 W,80 Plus Gold
Be quiet! Dark Power Pro 11 1000W,1000 W,80 Plus Platinum
Corsair RM1000x,1000 W,80 Plus Gold
Corsair RM550,550 W,80 Plus Gold
Aerocool Xpredator 550GM 550W,550 W,80 Plus Gold
Corsair HX750,750 W,80 Plus Silver,80 Plus Gold
Seasonic G-Series 750W,750 W,80 Plus Gold
FSP Hydro G 650W,650 W,80 Plus Gold
Be quiet! Straight Power E9 CM 580W,580 W,80 Plus Gold
Gigabyte Odin GT 550W,550 W,80 Plus
Chieftec Nitro 2 series 450W,400 W,80 Plus Bronze
Aerocool GT-500SG 500W,500 W,80 Plus Gold
EVGA 750 GQ 750W,750 W,80 Plus Gold
Corsair RM1000i,1000 W,80 Plus Gold
Xilence Performance A+ 830W,830 W,80 Plus Bronze
FSP FSP500-60EGA 500W,500 W,80 Plus Gold
SilverStone Strider Plus 750W,750 W,80 Plus Silver
Zalman ZM500-RS,500 W,80 Plus Bronze
Xilence Redwing Gaming Edition 750W,750 W,80 Plus Bronze
FSP Aurum 92+ 650W,650 W,80 Plus Platinum
Antec Neo Eco 620W,620 W,
Cooler Master Silent Pro M500,500 W,80 Plus Bronze
Aerocool Strike-X Army 500W,500 W,
Be quiet! Dark Power Pro 1000W,1000 W,
Antec HCG-850M High Current Gamer 850W,850 W,80 Plus Bronze
Be quiet! B8 350W,350 W,80 Plus
Cooler Master GX Lite 600W,600 W,,
Be quiet! Power Zone 1000W,1000 W,80 Plus Bronze
Thermaltake PurePower 600W,600 W,
Thermaltake Toughpower 700W,700 W,80 Plus Bronze
Aerocool GT-500S 500W,500 W,80 Plus Bronze
Chieftec GPA-450S8 450W,450 W,80 Plus
Zalman ZM500-GVM 500W,500 W,80 Plus Bronze
Fractal Design Tesla R2 650W White,650 W,80 Plus Gold
Seasonic Platinum Series 860W,860 W,80 Plus Platinum
EVGA SuperNova P2 1200W,1200 W,80 Plus Platinum
Thermaltake Toughpower DPS 750W,750 W,80 Plus Gold
Zalman Goldrock Series 750W,750 W,80 Plus Gold
Thermaltake Berlin 630W,630 W,80 Plus Bronze
EVGA 1000 GQ 1000W,1000 W,80 Plus Gold
Cooler Master Silent Pro M2 720W,720 W,80 Plus Bronze
Chieftec iArena GPA-450B8 450W,450 W,
Zalman ZM450-GS,450 W,
EVGA 430W,430 W,80 Plus
EVGA SuperNova G2 850W,850 W,80 Plus Gold
Aerocool GT-700 700W,700 W,80 Plus Bronze
Chieftec A135 650W,650 W,80 Plus
Corsair RM550x,550 W,80 Plus Gold
Super Flower Leadex Platinum 550W Black,550 W,80 Plus Platinum
Corsair CX500 V2,500 W,80 Plus
Thermaltake Toughpower XT Platinum 1275W,1275 W,80 Plus Platinum
Thermaltake Litepower 350W,350 W,80 Plus
Xilence XQ Series 750W,750 W,80 Plus Gold
Antec Edge 550W,550 W,80 Plus Gold
Xilence Performance A+ 630W,630 W,80 Plus Bronze
Be quiet! Dark Power Pro P9 550W,550 W,80 Plus Gold
Be quiet! Straight Power 10 500W,500 W,80 Plus Gold
Fractal Design Tesla R2 500W,500 W,80 Plus Gold
Corsair VS550,550 W,
Corsair Vengeance V550M,550 W,80 Plus Bronze
Chieftec A-80 CTG-600-80P 600W,600 W,
FSP Aurum 92+ 550W,550 W,80 Plus Platinum
Chieftec A-80 CTG-650-80P 650W,650 W,
Corsair CX500 V3,500 W,80 Plus Bronze
Seasonic S12G 650W,650 W,80 Plus Gold
Be quiet! Pure Power 9 L9-300W,300 W,80 Plus Bronze
Be quiet! System Power 8 500W,500 W,80 Plus
Chieftec BPS-750C2 750W,750 W,80 Plus Bronze
Seasonic Snow Silent 1050W,1050 W,80 Plus Platinum
Be quiet! Dark Power Pro 11 550W,550 W,80 Plus Platinum
Seasonic P-750 Snow Edition 750W,750 W,
Chieftec Navitas 650W,650 W,80 Plus Gold
Antec EarthWatts Platinum 450W,450 W,80 Plus Platinum
Thermaltake TR2 800W,800 W,
EVGA SuperNova B2 850W,850 W,80 Plus Bronze
Super Flower Leadex Platinum 2000W,2000 W,80 Plus Platinum
Be quiet! Straight Power E6 650W,650 W,
Be quiet! Pure Power L8 400W,400 W,80 Plus Bronze
Cooler Master GX Series 550W,550 W,80 Plus
Thermaltake TR2 Gold 500W,500 W,80 Plus Gold
Gigabyte Hercules Pro 300W,300 W,
FSP Hyper Series 700W,700 W,80 Plus Bronze
Be quiet! Power Zone 850W,850 W,80 Plus Bronze
Antec TruePower 750W Blue,750 W,80 Plus Bronze
Fractal Design Edison M 450W,450 W,80 Plus Gold
Corsair CX600M,600 W,80 Plus Bronze
Cooler Master Silent Pro M2 850W,850 W,80 Plus Silver
Zalman ZM750-EBT 750W,750 W,80 Plus Gold
Corsair VS550 V2,550 W,80 Plus
Corsair TX550M,550 W,80 Plus Bronze
Xilence SQ Series 550W,550 W,80 Plus Platinum
Chieftec GPA-450S 450W,450 W,
Seasonic SSP-650RT 650W,650 W,80 Plus Gold
Thermaltake Hamburg 530W,530 W,80 Plus
Corsair AX860,860 W,80 Plus Platinum
Thermaltake TR2 S 700W,700 W,80 Plus
Be quiet! Efficient F1 500W,500 W,80 Plus Gold
Seasonic SS-600H2U 600W,600 W,80 Plus
Seasonic Platinum Series 760W v2,760 W,80 Plus Platinum
Be quiet! Pure Power L7 530W,530 W,80 Plus Bronze
Zalman Goldrock Series 550W,550 W,80 Plus Gold
Aerocool V12XT-600 600W,600 W,
Super Flower Leadex Gold 750W White,750 W,80 Plus Gold
Aerocool Xpredator 700W,700 W,80 Plus Bronze
SilverStone SFX ST65F-G 650W,650 W,80 Plus Gold
Antec BasiqPower Plus 550W,550 W,
Gigabyte Superb E720 720W,720 W,
Be quiet! Power Zone 650W,650 W,80 Plus Bronze
FSP Zen 400W,400 W,80 Plus Bronze
Chieftec GPB-300S,300 W,
Be quiet! System Power 350W,350 W,80 Plus
EVGA SuperNova G 750W,750 W,80 Plus Gold
Thermaltake Toughpower 1500W,1500 W,
Thermaltake Toughpower XT 775W,775 W,80 Plus Bronze
Be quiet! Dark Power Pro 10 550W,550 W,80 Plus Gold
Be quiet! Dark Power Pro P7 850W,850 W,
FSP Hyper 700W,700 W,80 Plus
Chieftec Smart Series GPS-400A8 400W,400 W,80 Plus
Cooler Master B-Series 600W,600 W,80 Plus Bronze
Cooler Master Silent Pro Hybrid 850W,850 W,80 Plus Gold
Chieftec A-80 550W,550 W,
Antec Basiq BP550Plus,550 W,
FSP Raider 750W,750 W,80 Plus Silver
SilverStone Strider Platinum 750W,750 W,80 Plus Platinum
Thermaltake Smart DPS G 750W,750 W,80 Plus Gold
Antec TruePower 650W,650 W,80 Plus Bronze
Thermaltake Litepower 450W Active,450 W,
Corsair VS350,350 W,80 Plus
FSP Aurum S 600W,600 W,80 Plus Gold
Chieftec GPC-350S 350W,350 W,
Chieftec Nitro 750W,750 W,80 Plus Bronze
FSP FSP600-60AHBC 600W,600 W,
Chieftec Nitro Series 850W,850 W,
Cooler Master Silent Pro M2 520W,520 W,80 Plus Bronze
SilverStone Strider Essential 500W Silver,500 W,
Thermaltake Evo Blue 550W,550 W,
Zalman ZM500-GV 500W,500 W,80 Plus Bronze
Corsair VS650 V2,650 W,80 Plus
Thermaltake Munich 430W,430 W,80 Plus Bronze
Corsair AX850,850 W,80 Plus Gold
Be quiet! Straight Power 10 700W CM,700 W,80 Plus Gold
Zalman ZM500-GLX 500W,500 W,80 Plus
Chieftec A-135 Series APS-1000CB 1000W,1000 W,80 Plus Bronze
Antec TruePower Classic 550W,550 W,80 Plus Gold
Aerocool E85-700 700W,700 W,
Xilence Single Fan 500W,500 W,
Thermaltake Toughpower DPS G RGB 1250W,1250 W,80 Plus Titanium
Seasonic G-Series 360W,360 W,80 Plus Gold
Thermaltake Toughpower XT 575W,575 W,
FSP FSP350-60EGN 350W,350 W,80 Plus Gold
Aerocool V12XT-700 700W,700 W,
SilverStone Strider Essential 230V 400W,400 W,80 Plus Silver
Cooler Master Real Power Pro 750W,750 W,80 Plus
Fractal Design Integra R2 500W,500 W,80 Plus Bronze
Seasonic X-Series 850W,850 W,80 Plus Gold
Seasonic S12G 450W,450 W,80 Plus Gold
Antec SmartPower 2.0 350W,350 W,
EVGA 500W,500 W,80 Plus
Be quiet! Pure Power 9 CM 400W,400 W,80 Plus Silver
Fractal Design Tesla R2 650W,650 W,80 Plus Gold
Seasonic SSP-350GT 350W,350 W,80 Plus Gold
Xilence Performance C 400W,400 W,
Antec EarthWatts 2.0 650W,650 W,80 Plus
EVGA SuperNova GS 550W,550 W,80 Plus Gold
Thermaltake TR2 600W,600 W,80 Plus Bronze
Antec VP500PC,500 W,
Chieftec Smart GPS-700A8 700W,700 W,80 Plus
FSP Hexa 500W,500 W,80 Plus
Antec HCP Platinum 1300W,1300 W,80 Plus Platinum
SilverStone Strider Essential Gold 700W,700 W,80 Plus Gold
Be quiet! Straight Power 10 500W CM,500 W,80 Plus Gold
SilverStone Strider Titanium 800W,800 W,80 Plus Titanium
FSP Hyper Series 500W,500 W,80 Plus Bronze
Thermaltake Toughpower Grand 850W,850 W,
Zalman ZM400-ST 400W,400 W,80 Plus
Seasonic Platinum Series 860W v2,860 W,80 Plus Platinum
Thermaltake Smart Series 530W,530 W,80 Plus
Cooler Master Silent Pro Hybrid 1050W,1050 W,80 Plus Gold
Chieftec APS-450SB 450W,450 W,80 Plus Bronze
Chieftec GPA-500S8 500W,500 W,80 Plus
Be quiet! Straight Power E6 500W,500 W,
FSP FSP400-70PFL,400 W,80 Plus Bronze
SilverStone SST-ST1000-P,1000 W,
EVGA SuperNova P2 1000W,1000 W,80 Plus Platinum
Chieftec APS-600SB 600W,600 W,80 Plus Bronze
Aerocool Strike-X 800W,800 W,80 Plus Silver
Thermaltake TR2 S 500W,500 W,80 Plus
Antec EarthWatts 2.0 430W,430 W,80 Plus
Super Flower Golden Green HX 450W,450 W,80 Plus Gold
SilverStone ST75F-G Evolution 750W,750 W,80 Plus Gold
Seasonic Platinum Series Fanless 520W,520 W,80 Plus Platinum
Corsair HX1050,1050 W,,80 Plus Gold
Corsair GS800 V2,800 W,80 Plus Bronze
Be quiet! Pure Power L7 730W,730 W,80 Plus Bronze
Super Flower Golden Silent Fanless Platinum 430W,430 W,80 Plus Platinum
Corsair GS600,600 W,80 Plus
EVGA SuperNova G2 650W,650 W,80 Plus Gold
Zalman ZM600-GLX 600W,600 W,80 Plus
Chieftec A135 450W,450 W,80 Plus
Seasonic SS-350ET v2 350W,350 W,80 Plus Bronze
Aerocool Strike-X 1100W,1100 W,80 Plus Gold
Thermaltake Toughpower 850W,850 W,80 Plus Bronze
Corsair RM750x,750 W,80 Plus Gold
Chieftec GPE-500S,500 W,
SilverStone Strider Essential Bronze 700W,700 W,80 Plus Bronze
Thermaltake Smart Series 750W,750 W,80 Plus Bronze
Xilence Performance A+ 430W,430 W,80 Plus Bronze
Corsair CX750M,750 W,80 Plus Bronze
Be quiet! Dark Power Pro 10 750W,750 W,80 Plus Gold
FSP Hyper 500W,500 W,
Zalman ZM1000-EBT 1000W,1000 W,80 Plus Gold
Thermaltake Toughpower Standard 750W,750 W,80 Plus Gold
Xilence Redwing Series 580W,580 W,
Thermaltake Smart SE 630W,630 W,80 Plus Bronze
SilverStone Strider Essential Gold 500W,500 W,80 Plus Gold
Chieftec A-80 750W,750 W,
Aerocool GT-1050SG 1050W,1050 W,80 Plus Gold
Gigabyte Hercules Pro 430W,430 W,
Aerocool Strike-X 600W,600 W,80 Plus Bronze
SilverStone SST-ST85F-PT,850 W,80 Plus Platinum
Seasonic M12II Bronze 750W,750 W,80 Plus Bronze
Chieftec APS-650CB 650W,650 W,80 Plus Bronze
Thermaltake TR2 RX 450W,450 W,
Be quiet! Pure Power L8 630W CM,630 W,80 Plus Bronze
Antec VP300PC 300W,300 W,
Chieftec Navitas 850W,850 W,80 Plus Gold
Corsair RM750i,750 W,80 Plus Gold
Gigabyte Superb 620W,620 W,80 Plus
Seasonic SS-350ET-F3 350W,350 W,80 Plus Bronze
Chieftec Nitro Series 650W,650 W,
FSP Aurum S 400W,400 W,80 Plus Gold
Be quiet! Straight Power E8 550W,550 W,
Chieftec GPC-600S,600 W,
Seasonic S12II 380W,380 W,80 Plus Bronze
Chieftec Navitas 1250W,1250 W,80 Plus Gold
Fractal Design Newton R2 800W,800 W,
Corsair AX760i,760 W,80 Plus Platinum
Cooler Master GX Series 750W,750 W,80 Plus
Seasonic SS-600ET-F3 600W,600 W,80 Plus Bronze
Zalman ZM600-ST 600W,600 W,
Cooler Master V-Series 700W,700 W,80 Plus Gold
EVGA Bronze 600W,600 W,80 Plus Bronze
Be quiet! Pure Power L8 530W CM,530 W,80 Plus Bronze
Be quiet! Straight Power E9 700W,700 W,80 Plus Gold
Chieftec A-80 CTG-550-80P 550W,550 W,
FSP Aurum Xilenser 500W,500 W,80 Plus Gold
Cooler Master G-Series 600W,600 W,80 Plus Bronze
Cooler Master Silent Pro Gold 600W,600 W,80 Plus Gold
Seasonic S12II 430W V2,430 W,80 Plus Bronze
Chieftec GPA-350S8 350W,350 W,80 Plus
Antec TruePower Classic 750W,750 W,80 Plus Gold
Corsair TX750M,750 W,80 Plus Bronze
Chieftec Force CPS-750S 750W,750 W,80 Plus
Corsair TX650 V2,650 W,80 Plus Bronze
Be quiet! Pure Power L8 350W,350 W,80 Plus Bronze
Aerocool Strike-X CM 600W,600 W,80 Plus Bronze
Chieftec iArena GPM-650S 650W,650 W,80 Plus Gold
Zalman ZM500-GS 500W,500 W,
Aerocool Xpredator 500W,500 W,80 Plus Bronze
Be quiet! System Power 7 400W,400 W,80 Plus Bronze
Be quiet! Pure Power L8 430W CM,430 W,80 Plus Bronze
Xilence Performance C 600W,600 W,
Super Flower Leadex Platinum 1000W White,1000 W,80 Plus Platinum
Corsair GS800,800 W,80 Plus
Thermaltake Smart DPS G 600W,600 W,80 Plus Bronze
Thermaltake Litepower Black Edition 350W,350 W,
Corsair GS600 Bronze,600 W,80 Plus Bronze
EVGA SuperNova G2 1600W,1600 W,80 Plus Gold
Corsair CX600,600 W,
Be quiet! System Power 550W,550 W,80 Plus
Zalman ZM850-EBT 850W,850 W,80 Plus Gold
SilverStone Strider Titanium 600W,600 W,80 Plus Titanium
Fractal Design Edison M 650W,650 W,80 Plus Gold
Antec EarthWatts 750W,750 W,80 Plus
Thermaltake Smart Series 730W,730 W,80 Plus
Be quiet! Straight Power 10 700W,700 W,80 Plus Gold
Thermaltake Toughpower DPS G Gold 850W,850 W,80 Plus Gold
Thermaltake Toughpower DPS G Platinum 850W,850 W,80 Plus Platinum
